1,Bulbasaur,https://img.pokemondb.net/artwork/bulbasaur.jpg,Grass,Poison
2,Ivysaur,https://img.pokemondb.net/artwork/ivysaur.jpg,Grass,Poison
3,Venusaur,https://img.pokemondb.net/artwork/venusaur.jpg,Grass,Poison
4,Charmander,https://img.pokemondb.net/artwork/charmander.jpg,Fire,null
5,Charmeleon,https://img.pokemondb.net/artwork/charmeleon.jpg,Fire,null
6,Charizard,https://img.pokemondb.net/artwork/charizard.jpg,Fire,Flying
7,Squirtle,https://img.pokemondb.net/artwork/squirtle.jpg,Water,null
8,Wartortle,https://img.pokemondb.net/artwork/wartortle.jpg,Water,null
9,Blastoise,https://img.pokemondb.net/artwork/blastoise.jpg,Water,null
10,Caterpie,https://img.pokemondb.net/artwork/caterpie.jpg,Bug,null
11,Metapod,https://img.pokemondb.net/artwork/metapod.jpg,Bug,null
12,Butterfree,https://img.pokemondb.net/artwork/butterfree.jpg,Bug,Flying
13,Weedle,https://img.pokemondb.net/artwork/weedle.jpg,Bug,Poison
14,Kakuna,https://img.pokemondb.net/artwork/kakuna.jpg,Bug,Poison
15,Beedrill,https://img.pokemondb.net/artwork/beedrill.jpg,Bug,Poison
16,Pidgey,https://img.pokemondb.net/artwork/pidgey.jpg,Normal,Flying
17,Pidgeotto,https://img.pokemondb.net/artwork/pidgeotto.jpg,Normal,Flying
18,Pidgeot,https://img.pokemondb.net/artwork/pidgeot.jpg,Normal,Flying
19,Rattata,https://img.pokemondb.net/artwork/rattata.jpg,Normal,null
20,Raticate,https://img.pokemondb.net/artwork/raticate.jpg,Normal,null
21,Spearow,https://img.pokemondb.net/artwork/spearow.jpg,Normal,Flying
22,Fearow,https://img.pokemondb.net/artwork/fearow.jpg,Normal,Flying
23,Ekans,https://img.pokemondb.net/artwork/ekans.jpg,Poison,null
24,Arbok,https://img.pokemondb.net/artwork/arbok.jpg,Poison,null
25,Pikachu,https://img.pokemondb.net/artwork/pikachu.jpg,Electric,null
26,Raichu,https://img.pokemondb.net/artwork/raichu.jpg,Electric,null
27,Sandshrew,https://img.pokemondb.net/artwork/sandshrew.jpg,Ground,null
28,Sandslash,https://img.pokemondb.net/artwork/sandslash.jpg,Ground,null
29,Nidoran,https://img.pokemondb.net/artwork/nidoran.jpg,Poison,null
30,Nidorina,https://img.pokemondb.net/artwork/nidorina.jpg,Poison,null
31,Nidoqueen,https://img.pokemondb.net/artwork/nidoqueen.jpg,Poison,Ground
32,Nidoran,https://img.pokemondb.net/artwork/nidoran.jpg,Poison,null
33,Nidorino,https://img.pokemondb.net/artwork/nidorino.jpg,Poison,null
34,Nidoking,https://img.pokemondb.net/artwork/nidoking.jpg,Poison,Ground
35,Clefairy,https://img.pokemondb.net/artwork/clefairy.jpg,Fairy,null
36,Clefable,https://img.pokemondb.net/artwork/clefable.jpg,Fairy,null
37,Vuplix,https://img.pokemondb.net/artwork/vuplix.jpg,Fire,null
38,Ninetales,https://img.pokemondb.net/artwork/ninetales.jpg,Fire,null
39,Jigglypuff,https://img.pokemondb.net/artwork/jigglypuff.jpg,Normal,Fairy
40,WigglyTuff,https://img.pokemondb.net/artwork/wigglytuff.jpg,Normal,Fairy
41,Zubat,https://img.pokemondb.net/artwork/zubat.jpg,Poison,Flying
42,Golbat,https://img.pokemondb.net/artwork/golbat.jpg,Poison,Flying
43,Oddish,https://img.pokemondb.net/artwork/oddish.jpg,Grass,Poison
44,Gloom,https://img.pokemondb.net/artwork/gloom.jpg,Grass,Poison
45,Vileplume,https://img.pokemondb.net/artwork/vileplume.jpg,Grass,Poison
46,Paras,https://img.pokemondb.net/artwork/paras.jpg,Bug,Grass
47,Parasect,https://img.pokemondb.net/artwork/parasect.jpg,Bug,Grass
48,Venonat,https://img.pokemondb.net/artwork/venonat.jpg,Bug,Poison
49,Venomoth,https://img.pokemondb.net/artwork/venomoth.jpg,Bug,Poison
50,Diglett,https://img.pokemondb.net/artwork/diglett.jpg,Ground,null
51,Dugtrio,https://img.pokemondb.net/artwork/dugtrio.jpg,Ground,null
52,Meowth,https://img.pokemondb.net/artwork/meowth.jpg,Normal,null
53,Persian,https://img.pokemondb.net/artwork/persian.jpg,Normal,null
54,Psyduck,https://img.pokemondb.net/artwork/psyduck.jpg,Water,null
55,Golduck,https://img.pokemondb.net/artwork/golduck.jpg,Water,null
56,Mankey,https://img.pokemondb.net/artwork/mankey.jpg,Fighting,null
57,Primeape,https://img.pokemondb.net/artwork/primeape.jpg,Fighting,null
58,Growlithe,https://img.pokemondb.net/artwork/growlithe.jpg,Fire,null
59,Arcanine,https://img.pokemondb.net/artwork/arcanine.jpg,Fire,null
60,Poliwag,https://img.pokemondb.net/artwork/poliwag.jpg,Water,null
61,Poliwhirl,https://img.pokemondb.net/artwork/poliwhirl.jpg,Water,null
62,Poliwrath,https://img.pokemondb.net/artwork/poliwrath.jpg,Water,Fighting
63,Abra,https://img.pokemondb.net/artwork/abra.jpg,Psychic,null
64,Kadabra,https://img.pokemondb.net/artwork/kadabra.jpg,Psychic,null
65,Alakazam,https://img.pokemondb.net/artwork/alakazam.jpg,Psychic,null
66,Machop,https://img.pokemondb.net/artwork/machop.jpg,Fighting,null
67,Machoke,https://img.pokemondb.net/artwork/machoke.jpg,Fighting,null
68,Machamp,https://img.pokemondb.net/artwork/machamp.jpg,Fighting,null
69,Bellsprout,https://img.pokemondb.net/artwork/bellsprout.jpg,Grass,Poison
70,Weepinbell,https://img.pokemondb.net/artwork/weepinbell.jpg,Grass,Poison
71,Victreebel,https://img.pokemondb.net/artwork/victreebel.jpg,Grass,Poison
72,Tentacool,https://img.pokemondb.net/artwork/tentacool.jpg,Water,Poison
73,Tentacruel,https://img.pokemondb.net/artwork/tentacruel.jpg,Water,Poison
74,Geodude,https://img.pokemondb.net/artwork/geodude.jpg,Rock,Ground
75,Graveler,https://img.pokemondb.net/artwork/graveler.jpg,Rock,Ground
76,Golem,https://img.pokemondb.net/artwork/golem.jpg,Rock,Ground
77,Ponyta,https://img.pokemondb.net/artwork/ponyta.jpg,Fire,null
78,Rapidash,https://img.pokemondb.net/artwork/rapidash.jpg,Fire,null
79,Slowpoke,https://img.pokemondb.net/artwork/slowpoke.jpg,Water,Psychic
80,Slowbro,https://img.pokemondb.net/artwork/slowbro.jpg,Water,Psychic
81,Magnemite,https://img.pokemondb.net/artwork/magnemite.jpg,Electric,Steel
82,Magneton,https://img.pokemondb.net/artwork/magneton.jpg,Electric,Steel
83,Farfetch'd,https://img.pokemondb.net/artwork/farfetch'd.jpg,Normal,Flying
84,Doduo,https://img.pokemondb.net/artwork/doduo.jpg,Normal,Flying
85,Dodrio,https://img.pokemondb.net/artwork/dodrio.jpg,Normal,Flying
86,Seel,https://img.pokemondb.net/artwork/seel.jpg,Water,null
87,Dewgong,https://img.pokemondb.net/artwork/dewgong.jpg,Water,Ice
88,Grimer,https://img.pokemondb.net/artwork/grimer.jpg,Poison,null
89,Muk,https://img.pokemondb.net/artwork/muk.jpg,Poison,null
90,Shellder,https://img.pokemondb.net/artwork/shellder.jpg,Water,null
91,Cloyster,https://img.pokemondb.net/artwork/cloyster.jpg,Water,Ice
92,Gastly,https://img.pokemondb.net/artwork/gastly.jpg,Ghost,Poison
93,Haunter,https://img.pokemondb.net/artwork/haunter.jpg,Ghost,Poison
94,Gengar,https://img.pokemondb.net/artwork/gengar.jpg,Ghost,Poison
95,Onix,https://img.pokemondb.net/artwork/onix.jpg,Rock,Ground
96,Drowzee,https://img.pokemondb.net/artwork/drowzee.jpg,Psychic,null
97,Hypno,https://img.pokemondb.net/artwork/hypno.jpg,Psychic,null
98,Krabby,https://img.pokemondb.net/artwork/krabby.jpg,Water,null
99,Kingler,https://img.pokemondb.net/artwork/kingler.jpg,Water,null
100,Voltorb,https://img.pokemondb.net/artwork/voltorb.jpg,Electric,null
101,Electrode,https://img.pokemondb.net/artwork/electrode.jpg,Electric,null
102,Exeggute,https://img.pokemondb.net/artwork/exeggute.jpg,Grass,Psychic
103,Exeggutor,https://img.pokemondb.net/artwork/exeggutor.jpg,Grass,Psychic
104,Cubone,https://img.pokemondb.net/artwork/cubone.jpg,Ground,null
105,Marowak,https://img.pokemondb.net/artwork/marowak.jpg,Ground,null
106,Hitmonlee,https://img.pokemondb.net/artwork/hitmonlee.jpg,Fighting,null
107,Hitmonchan,https://img.pokemondb.net/artwork/hitmonchan.jpg,Fighting,null
108,Lickitung,https://img.pokemondb.net/artwork/lickitung.jpg,Normal,null
109,Koffing,https://img.pokemondb.net/artwork/koffing.jpg,Poison,null
110,Weezing,https://img.pokemondb.net/artwork/weezing.jpg,Poison,null
111,Rhyhorn,https://img.pokemondb.net/artwork/rhyhorn.jpg,Ground,Rock
112,Rhydon,https://img.pokemondb.net/artwork/rhydon.jpg,Ground,Rock
113,Chansey,https://img.pokemondb.net/artwork/chansey.jpg,Normal,null
114,Tangela,https://img.pokemondb.net/artwork/tangela.jpg,Grass,null
115,Kangaskhan,https://img.pokemondb.net/artwork/kangaskhan.jpg,Normal,null
116,Horsea,https://img.pokemondb.net/artwork/horsea.jpg,Water,null
117,Seadra,https://img.pokemondb.net/artwork/seadra.jpg,Water,null
118,Goldeen,https://img.pokemondb.net/artwork/goldeen.jpg,Water,null
119,Seaking,https://img.pokemondb.net/artwork/seaking.jpg,Water,null
120,Staryu,https://img.pokemondb.net/artwork/staryu.jpg,Water,null
121,Starmie,https://img.pokemondb.net/artwork/starmie.jpg,Water,Psychic
122,Mr. Mime,https://img.pokemondb.net/artwork/mr. mime.jpg,Psychic,null
123,Scyther,https://img.pokemondb.net/artwork/scyther.jpg,Bug,Flying
124,Jynx,https://img.pokemondb.net/artwork/jynx.jpg,Ice,Psychic
125,Electabuzz,https://img.pokemondb.net/artwork/electabuzz.jpg,Electric,null
126,Magmar,https://img.pokemondb.net/artwork/magmar.jpg,Fire,null
127,Pinsir,https://img.pokemondb.net/artwork/pinsir.jpg,Bug,null
128,Tauros,https://img.pokemondb.net/artwork/tauros.jpg,Normal,null
129,Magikarp,https://img.pokemondb.net/artwork/magikarp.jpg,Water,null
130,Gyarados,https://img.pokemondb.net/artwork/gyarados.jpg,Water,Flying
131,Lapras,https://img.pokemondb.net/artwork/lapras.jpg,Water,Ice
132,Ditto,https://img.pokemondb.net/artwork/ditto.jpg,Normal,null
133,Eevee,https://img.pokemondb.net/artwork/eevee.jpg,Normal,null
134,Vaporeon,https://img.pokemondb.net/artwork/vaporeon.jpg,Water,null
135,Jolteon,https://img.pokemondb.net/artwork/jolteon.jpg,Electric,null
136,Flareon,https://img.pokemondb.net/artwork/flareon.jpg,Fire,null
137,Porygon,https://img.pokemondb.net/artwork/porygon.jpg,Normal,null
138,Omanyte,https://img.pokemondb.net/artwork/omanyte.jpg,Rock,Water
139,Omastar,https://img.pokemondb.net/artwork/omastar.jpg,Rock,Water
140,Kabuto,https://img.pokemondb.net/artwork/kabuto.jpg,Rock,Water
141,Kabutops,https://img.pokemondb.net/artwork/kabutops.jpg,Rock,Water
142,Aerodactyl,https://img.pokemondb.net/artwork/aerodactyl.jpg,Rock,Flying
143,Snorlax,https://img.pokemondb.net/artwork/snorlax.jpg,Normal,null
144,Articuno,https://img.pokemondb.net/artwork/articuno.jpg,Ice,Flying
145,Zapdos,https://img.pokemondb.net/artwork/zapdos.jpg,Electric,Flying
146,Moltres,https://img.pokemondb.net/artwork/moltres.jpg,Fire,Flying
147,Dratini,https://img.pokemondb.net/artwork/dratini.jpg,Dragon,null
148,Dragonair,https://img.pokemondb.net/artwork/dragonair.jpg,Dragon,null
149,Dragonite,https://img.pokemondb.net/artwork/dragonite.jpg,Dragon,Flying
150,Mewtwo,https://img.pokemondb.net/artwork/mewtwo.jpg,Psychic,null
151,Mew,https://img.pokemondb.net/artwork/mew.jpg,Psychic,null
152,Chikorita,https://img.pokemondb.net/artwork/chikorita.jpg,Grass,null
153,Bayleef,https://img.pokemondb.net/artwork/bayleef.jpg,Grass,null
154,Meganium,https://img.pokemondb.net/artwork/meganium.jpg,Grass,null
155,Cyndaquil,https://img.pokemondb.net/artwork/cyndaquil.jpg,Fire,null
156,Quilava,https://img.pokemondb.net/artwork/quilava.jpg,Fire,null
157,Typhlosion,https://img.pokemondb.net/artwork/typhlosion.jpg,Fire,null
158,Totodile,https://img.pokemondb.net/artwork/totodile.jpg,Water,null
159,Croconaw,https://img.pokemondb.net/artwork/croconaw.jpg,Water,null
160,Feraligatr,https://img.pokemondb.net/artwork/feraligatr.jpg,Water,null
161,Sentret,https://img.pokemondb.net/artwork/sentret.jpg,Normal,null
162,Furret,https://img.pokemondb.net/artwork/furret.jpg,Normal,null
163,Hoothoot,https://img.pokemondb.net/artwork/hoothoot.jpg,Normal,Flying
164,Noctowl,https://img.pokemondb.net/artwork/noctowl.jpg,Normal,Flying
165,Ledyba,https://img.pokemondb.net/artwork/ledyba.jpg,Bug,Flying
166,Ledian,https://img.pokemondb.net/artwork/ledian.jpg,Bug,Flying
167,Spinarak,https://img.pokemondb.net/artwork/spinarak.jpg,Bug,Poison
168,Ariados,https://img.pokemondb.net/artwork/ariados.jpg,Bug,Poison
169,Crobat,https://img.pokemondb.net/artwork/crobat.jpg,Poison,Flying
170,Chinchou,https://img.pokemondb.net/artwork/chinchou.jpg,Water,Electric
171,Lanturn,https://img.pokemondb.net/artwork/lanturn.jpg,Water,Electric
172,Pichu,https://img.pokemondb.net/artwork/pichu.jpg,Electric,null
173,Cleffa,https://img.pokemondb.net/artwork/cleffa.jpg,Fairy,null
174,Igglybuff,https://img.pokemondb.net/artwork/igglybuff.jpg,Normal,Fairy
175,Togepi,https://img.pokemondb.net/artwork/togepi.jpg,Fairy,Flying
176,Togetic,https://img.pokemondb.net/artwork/togetic.jpg,Fairy,Flying
177,Natu,https://img.pokemondb.net/artwork/natu.jpg,Psychic,Flying
178,Xatu,https://img.pokemondb.net/artwork/xatu.jpg,Psychic,Flying
179,Mareep,https://img.pokemondb.net/artwork/mareep.jpg,Electric,null
180,Flaffy,https://img.pokemondb.net/artwork/flaffy.jpg,Electric,null
181,Ampharos,https://img.pokemondb.net/artwork/ampharos.jpg,Electric,null
182,Bellossom,https://img.pokemondb.net/artwork/bellossom.jpg,Grass,null
183,Marill,https://img.pokemondb.net/artwork/marill.jpg,Water,Fairy
184,Azumarill,https://img.pokemondb.net/artwork/azumarill.jpg,Water,Fairy
185,Sudowoodo,https://img.pokemondb.net/artwork/sudowoodo.jpg,Rock,null
186,Politoed,https://img.pokemondb.net/artwork/politoed.jpg,Water,null
187,Hoppip,https://img.pokemondb.net/artwork/hoppip.jpg,Grass,Flying
188,Skiploom,https://img.pokemondb.net/artwork/skiploom.jpg,Grass,Flying
189,Jumpluff,https://img.pokemondb.net/artwork/jumpluff.jpg,Grass,Flying
190,Aipom,https://img.pokemondb.net/artwork/aipom.jpg,Normal,null
191,Sunkern,https://img.pokemondb.net/artwork/sunkern.jpg,Grass,null
192,Sunflora,https://img.pokemondb.net/artwork/sunflora.jpg,Grass,null
193,Yanma,https://img.pokemondb.net/artwork/yanma.jpg,Bug,Flying
194,Wooper,https://img.pokemondb.net/artwork/wooper.jpg,Water,Ground
195,Quagsire,https://img.pokemondb.net/artwork/quagsire.jpg,Water,Ground
196,Espeon,https://img.pokemondb.net/artwork/espeon.jpg,Psychic,null
197,Umbreon,https://img.pokemondb.net/artwork/umbreon.jpg,Dark,null
198,Murkrow,https://img.pokemondb.net/artwork/murkrow.jpg,Dark,Flying
199,Slowking,https://img.pokemondb.net/artwork/slowking.jpg,Psychic,Water
200,Misdreavus,https://img.pokemondb.net/artwork/misdreavus.jpg,Ghost,null
201,Unown,https://img.pokemondb.net/artwork/unown.jpg,Psychic,null
202,Wobbuffet,https://img.pokemondb.net/artwork/wobbuffet.jpg,Psychic,null
203,Girafarig,https://img.pokemondb.net/artwork/girafarig.jpg,Normal,Psychic
204,Pineco,https://img.pokemondb.net/artwork/pineco.jpg,Bug,null
205,Forretress,https://img.pokemondb.net/artwork/forretress.jpg,Bug,Steel
206,Dunsparce,https://img.pokemondb.net/artwork/dunsparce.jpg,Normal,null
207,Gligar,https://img.pokemondb.net/artwork/gligar.jpg,Ground,Flying
208,Steelix,https://img.pokemondb.net/artwork/steelix.jpg,Steel,Ground
209,Snubbull,https://img.pokemondb.net/artwork/snubbull.jpg,Fairy,null
210,Granbull,https://img.pokemondb.net/artwork/granbull.jpg,Fairy,null
211,Qwlfish,https://img.pokemondb.net/artwork/qwlfish.jpg,Water,Poison
212,Scizor,https://img.pokemondb.net/artwork/scizor.jpg,Bug,Steel
213,Shuckle,https://img.pokemondb.net/artwork/shuckle.jpg,Bug,Rock
214,Heracross,https://img.pokemondb.net/artwork/heracross.jpg,Bug,Fighting
215,Sneasel,https://img.pokemondb.net/artwork/sneasel.jpg,Dark,Ice
216,Teddiursa,https://img.pokemondb.net/artwork/teddiursa.jpg,Normal,null
217,Ursaring,https://img.pokemondb.net/artwork/ursaring.jpg,Normal,null
218,Slugma,https://img.pokemondb.net/artwork/slugma.jpg,Fire,null
219,Magcargo,https://img.pokemondb.net/artwork/magcargo.jpg,Fire,Rock
220,Swinub,https://img.pokemondb.net/artwork/swinub.jpg,Ice,Ground
221,Piloswine,https://img.pokemondb.net/artwork/piloswine.jpg,Ice,Ground
222,Corsola,https://img.pokemondb.net/artwork/corsola.jpg,Water,Rock
223,Remoraid,https://img.pokemondb.net/artwork/remoraid.jpg,Water,null
224,Octillery,https://img.pokemondb.net/artwork/octillery.jpg,Water,null
225,Delibird,https://img.pokemondb.net/artwork/delibird.jpg,Ice,Flying
226,Mantine,https://img.pokemondb.net/artwork/mantine.jpg,Water,Flying
227,Skarmory,https://img.pokemondb.net/artwork/skarmory.jpg,Steel,Flying
228,Houndour,https://img.pokemondb.net/artwork/houndour.jpg,Dark,Fire
229,Houndoom,https://img.pokemondb.net/artwork/houndoom.jpg,Dark,Fire
230,Kingdra,https://img.pokemondb.net/artwork/kingdra.jpg,Water,Dragon
231,Phanpy,https://img.pokemondb.net/artwork/phanpy.jpg,Ground,null
232,Donphan,https://img.pokemondb.net/artwork/donphan.jpg,Ground,null
233,Porygon2,https://img.pokemondb.net/artwork/porygon2.jpg,Normal,null
234,Stantler,https://img.pokemondb.net/artwork/stantler.jpg,Normal,null
235,Smeargle,https://img.pokemondb.net/artwork/smeargle.jpg,Normal,null
236,Tyrogue,https://img.pokemondb.net/artwork/tyrogue.jpg,Fighting,null
237,Hitmontop,https://img.pokemondb.net/artwork/hitmontop.jpg,Fighting,null
238,Smoochum,https://img.pokemondb.net/artwork/smoochum.jpg,Ice,Psychic
239,Elekid,https://img.pokemondb.net/artwork/elekid.jpg,Electric,null
240,Magby,https://img.pokemondb.net/artwork/magby.jpg,Fire,null
241,Miltank,https://img.pokemondb.net/artwork/miltank.jpg,Normal,null
242,Blissey,https://img.pokemondb.net/artwork/blissey.jpg,Normal,null
243,Raikou,https://img.pokemondb.net/artwork/raikou.jpg,Electric,null
244,Entei,https://img.pokemondb.net/artwork/entei.jpg,Fire,null
245,Suicune,https://img.pokemondb.net/artwork/suicune.jpg,Water,null
246,Larvitar,https://img.pokemondb.net/artwork/larvitar.jpg,Rock,Ground
247,Pupitar,https://img.pokemondb.net/artwork/pupitar.jpg,Rock,Ground
248,Tyranitar,https://img.pokemondb.net/artwork/tyranitar.jpg,Rock,Dark
249,Lugia,https://img.pokemondb.net/artwork/lugia.jpg,Psychic,Flying
250,Ho-oh,https://img.pokemondb.net/artwork/ho-oh.jpg,Fire,Flying
251,Celebi,https://img.pokemondb.net/artwork/celebi.jpg,Grass,Psychic
252,Treecko,https://img.pokemondb.net/artwork/treecko.jpg,Grass,null
253,Grovyle,https://img.pokemondb.net/artwork/grovyle.jpg,Grass,null
254,Sceptile,https://img.pokemondb.net/artwork/sceptile.jpg,Grass,null
255,Torchic,https://img.pokemondb.net/artwork/torchic.jpg,Fire,null
256,Combusken,https://img.pokemondb.net/artwork/combusken.jpg,Fire,Fighting
257,Blaziken,https://img.pokemondb.net/artwork/blaziken.jpg,Fire,Fighting
258,Mudkip,https://img.pokemondb.net/artwork/mudkip.jpg,Water,null
259,Marshtomp,https://img.pokemondb.net/artwork/marshtomp.jpg,Water,Ground
260,Swampert,https://img.pokemondb.net/artwork/swampert.jpg,Water,Ground
261,Poochyena,https://img.pokemondb.net/artwork/poochyena.jpg,Dark,null
262,Mightyena,https://img.pokemondb.net/artwork/mightyena.jpg,Dark,null
263,Zigzagoon,https://img.pokemondb.net/artwork/zigzagoon.jpg,Normal,null
264,Linoone,https://img.pokemondb.net/artwork/linoone.jpg,Normal,null
265,Wurmple,https://img.pokemondb.net/artwork/wurmple.jpg,Bug,null
266,Silcoon,https://img.pokemondb.net/artwork/silcoon.jpg,Bug,null
267,Beautifly,https://img.pokemondb.net/artwork/beautifly.jpg,Bug,Flying
268,Cascoon,https://img.pokemondb.net/artwork/cascoon.jpg,Bug,null
269,Dustox,https://img.pokemondb.net/artwork/dustox.jpg,Bug,Poison
270,Lotad,https://img.pokemondb.net/artwork/lotad.jpg,Water,Grass
271,Lombre,https://img.pokemondb.net/artwork/lombre.jpg,Water,Grass
272,Ludicolo,https://img.pokemondb.net/artwork/ludicolo.jpg,Water,Grass
273,Seedot,https://img.pokemondb.net/artwork/seedot.jpg,Grass,null
274,Nuzleaf,https://img.pokemondb.net/artwork/nuzleaf.jpg,Grass,Dark
275,Shiftry,https://img.pokemondb.net/artwork/shiftry.jpg,Grass,Dark
276,Taillow,https://img.pokemondb.net/artwork/taillow.jpg,Normal,Flying
277,Swellow,https://img.pokemondb.net/artwork/swellow.jpg,Normal,Flying
278,Wingull,https://img.pokemondb.net/artwork/wingull.jpg,Water,Flying
279,Pelipper,https://img.pokemondb.net/artwork/pelipper.jpg,Water,Flying
280,Ralts,https://img.pokemondb.net/artwork/ralts.jpg,Psychic,Fairy
281,Kirlia,https://img.pokemondb.net/artwork/kirlia.jpg,Psychic,Fairy
282,Gardevoir,https://img.pokemondb.net/artwork/gardevoir.jpg,Psychic,Fairy
283,Surskit,https://img.pokemondb.net/artwork/surskit.jpg,Bug,Water
284,Masquerain,https://img.pokemondb.net/artwork/masquerain.jpg,Bug,Flying
285,Shroomish,https://img.pokemondb.net/artwork/shroomish.jpg,Grass,null
286,Breloom,https://img.pokemondb.net/artwork/breloom.jpg,Grass,Fighting
287,Slakoth,https://img.pokemondb.net/artwork/slakoth.jpg,Normal,null
288,Vigoroth,https://img.pokemondb.net/artwork/vigoroth.jpg,Normal,null
289,Slaking,https://img.pokemondb.net/artwork/slaking.jpg,Normal,null
290,Nincada,https://img.pokemondb.net/artwork/nincada.jpg,Bug,Ground
291,Ninjask,https://img.pokemondb.net/artwork/ninjask.jpg,Bug,Flying
292,Shedinja,https://img.pokemondb.net/artwork/shedinja.jpg,Bug,Ghost
293,Whismur,https://img.pokemondb.net/artwork/whismur.jpg,Normal,null
294,Loudred,https://img.pokemondb.net/artwork/loudred.jpg,Normal,null
295,Exploud,https://img.pokemondb.net/artwork/exploud.jpg,Normal,null
296,Makhuita,https://img.pokemondb.net/artwork/makhuita.jpg,Fighting,null
297,Hariyama,https://img.pokemondb.net/artwork/hariyama.jpg,Fighting,null
298,Azurill,https://img.pokemondb.net/artwork/azurill.jpg,Normal,Fairy
299,Nosepass,https://img.pokemondb.net/artwork/nosepass.jpg,Rock,null
300,Skitty,https://img.pokemondb.net/artwork/skitty.jpg,Normal,null
301,Delcatty,https://img.pokemondb.net/artwork/delcatty.jpg,Normal,null
302,Sableye,https://img.pokemondb.net/artwork/sableye.jpg,Dark,Ghost
303,Mawile,https://img.pokemondb.net/artwork/mawile.jpg,Steel,Fairy
304,Aron,https://img.pokemondb.net/artwork/aron.jpg,Steel,Rock
305,Lairon,https://img.pokemondb.net/artwork/lairon.jpg,Steel,Rock
306,Aggron,https://img.pokemondb.net/artwork/aggron.jpg,Steel,Rock
307,Meditite,https://img.pokemondb.net/artwork/meditite.jpg,Fighting,Psychic
308,Medicham,https://img.pokemondb.net/artwork/medicham.jpg,Fighting,Psychic
309,Electrike,https://img.pokemondb.net/artwork/electrike.jpg,Electric,null
310,Manectric,https://img.pokemondb.net/artwork/manectric.jpg,Electric,null
311,Plusle,https://img.pokemondb.net/artwork/plusle.jpg,Electric,null
312,Minun,https://img.pokemondb.net/artwork/minun.jpg,Electric,null
313,Volbeat,https://img.pokemondb.net/artwork/volbeat.jpg,Bug,Flying
314,Illumise,https://img.pokemondb.net/artwork/illumise.jpg,Bug,Flying
315,Roselia,https://img.pokemondb.net/artwork/roselia.jpg,Grass,Poison
316,Gulpin,https://img.pokemondb.net/artwork/gulpin.jpg,Poison,null
317,Swalot,https://img.pokemondb.net/artwork/swalot.jpg,Poison,null
318,Carvanha,https://img.pokemondb.net/artwork/carvanha.jpg,Water,Dark
319,Sharpedo,https://img.pokemondb.net/artwork/sharpedo.jpg,Water,Dark
320,Wailmer,https://img.pokemondb.net/artwork/wailmer.jpg,Water,null
321,Wailord,https://img.pokemondb.net/artwork/wailord.jpg,Water,null
322,Numel,https://img.pokemondb.net/artwork/numel.jpg,Fire,Ground
323,Camerupt,https://img.pokemondb.net/artwork/camerupt.jpg,Fire,Ground
324,Torkoal,https://img.pokemondb.net/artwork/torkoal.jpg,Fire,null
325,Spoink,https://img.pokemondb.net/artwork/spoink.jpg,Psychic,null
326,Grumpig,https://img.pokemondb.net/artwork/grumpig.jpg,Psychic,null
327,Spinda,https://img.pokemondb.net/artwork/spinda.jpg,Normal,null
328,Trapinch,https://img.pokemondb.net/artwork/trapinch.jpg,Ground,null
329,Vibrava,https://img.pokemondb.net/artwork/vibrava.jpg,Ground,Dragon
330,Flygon,https://img.pokemondb.net/artwork/flygon.jpg,Ground,Dragon
331,Cacnea,https://img.pokemondb.net/artwork/cacnea.jpg,Grass,null
332,Cacturne,https://img.pokemondb.net/artwork/cacturne.jpg,Grass,Dark
333,Swablu,https://img.pokemondb.net/artwork/swablu.jpg,Normal,Flying
334,Altaria,https://img.pokemondb.net/artwork/altaria.jpg,Dragon,Flying
335,Zangoose,https://img.pokemondb.net/artwork/zangoose.jpg,Normal,null
336,Seviper,https://img.pokemondb.net/artwork/seviper.jpg,Poison,null
337,Lunatone,https://img.pokemondb.net/artwork/lunatone.jpg,Rock,Psychic
338,Solrock,https://img.pokemondb.net/artwork/solrock.jpg,Rock,Psychic
339,Barboach,https://img.pokemondb.net/artwork/barboach.jpg,Water,Ground
340,Whiscash,https://img.pokemondb.net/artwork/whiscash.jpg,Water,Ground
341,Corphish,https://img.pokemondb.net/artwork/corphish.jpg,Water,Dark
342,Crawdaunt,https://img.pokemondb.net/artwork/crawdaunt.jpg,Water,Dark
343,Baltoy,https://img.pokemondb.net/artwork/baltoy.jpg,Ground,Psychic
344,Claydol,https://img.pokemondb.net/artwork/claydol.jpg,Ground,Psychic
345,Lileep,https://img.pokemondb.net/artwork/lileep.jpg,Rock,Grass
346,Cradily,https://img.pokemondb.net/artwork/cradily.jpg,Rock,Grass
347,Anorith,https://img.pokemondb.net/artwork/anorith.jpg,Rock,Bug
348,Armaldo,https://img.pokemondb.net/artwork/armaldo.jpg,Rock,Bug
349,Feebas,https://img.pokemondb.net/artwork/feebas.jpg,Water,null
350,Milotic,https://img.pokemondb.net/artwork/milotic.jpg,Water,null
351,Castform,https://img.pokemondb.net/artwork/castform.jpg,Normal,null
352,Kecleon,https://img.pokemondb.net/artwork/kecleon.jpg,Normal,null
353,Shuppet,https://img.pokemondb.net/artwork/shuppet.jpg,Ghost,null
354,Banette,https://img.pokemondb.net/artwork/banette.jpg,Ghost,null
355,Duskull,https://img.pokemondb.net/artwork/duskull.jpg,Ghost,null
356,Dusclops,https://img.pokemondb.net/artwork/dusclops.jpg,Ghost,null
357,Tropius,https://img.pokemondb.net/artwork/tropius.jpg,Grass,Flying
358,Chimecho,https://img.pokemondb.net/artwork/chimecho.jpg,Psychic,null
359,Absol,https://img.pokemondb.net/artwork/absol.jpg,Dark,null
360,Wynaut,https://img.pokemondb.net/artwork/wynaut.jpg,Psychic,null
361,Snorunt,https://img.pokemondb.net/artwork/snorunt.jpg,Ice,null
362,Glalie,https://img.pokemondb.net/artwork/glalie.jpg,Ice,null
363,Spheal,https://img.pokemondb.net/artwork/spheal.jpg,Ice,Water
364,Sealeo,https://img.pokemondb.net/artwork/sealeo.jpg,Ice,Water
365,Walrein,https://img.pokemondb.net/artwork/walrein.jpg,Ice,Water
366,Clamperl,https://img.pokemondb.net/artwork/clamperl.jpg,Water,null
367,Huntail,https://img.pokemondb.net/artwork/huntail.jpg,Water,null
368,Gorebyss,https://img.pokemondb.net/artwork/gorebyss.jpg,Water,null
369,Relicanth,https://img.pokemondb.net/artwork/relicanth.jpg,Water,Rock
370,Luvdisc,https://img.pokemondb.net/artwork/luvdisc.jpg,Water,null
371,Bagon,https://img.pokemondb.net/artwork/bagon.jpg,Dragon,null
372,Shelgon,https://img.pokemondb.net/artwork/shelgon.jpg,Dragon,null
373,Salamence,https://img.pokemondb.net/artwork/salamence.jpg,Dragon,Flying
374,Beldum,https://img.pokemondb.net/artwork/beldum.jpg,Steel,Psychic
375,Metang,https://img.pokemondb.net/artwork/metang.jpg,Steel,Psychic
376,Metagross,https://img.pokemondb.net/artwork/metagross.jpg,Steel,Psychic
377,Regirock,https://img.pokemondb.net/artwork/regirock.jpg,Rock,null
378,Regice,https://img.pokemondb.net/artwork/regice.jpg,Ice,null
379,Registeel,https://img.pokemondb.net/artwork/registeel.jpg,Steel,null
380,Latias,https://img.pokemondb.net/artwork/latias.jpg,Dragon,Psychic
381,Latios,https://img.pokemondb.net/artwork/latios.jpg,Dragon,Psychic
382,Kyogre,https://img.pokemondb.net/artwork/kyogre.jpg,Water,null
383,Groudon,https://img.pokemondb.net/artwork/groudon.jpg,Ground,null
384,Rayquaza,https://img.pokemondb.net/artwork/rayquaza.jpg,Dragon,Flying
385,Jirachi,https://img.pokemondb.net/artwork/jirachi.jpg,Psychic,Steel
386,Deoxys,https://img.pokemondb.net/artwork/deoxys.jpg,Psychic,null
387,Turtwig,https://img.pokemondb.net/artwork/turtwig.jpg,Grass,null
388,Grotle,https://img.pokemondb.net/artwork/grotle.jpg,Grass,null
389,Torterra,https://img.pokemondb.net/artwork/torterra.jpg,Grass,Ground
390,Chimchar,https://img.pokemondb.net/artwork/chimchar.jpg,Fire,null
391,Monferno,https://img.pokemondb.net/artwork/monferno.jpg,Fire,Fighting
392,Infernape,https://img.pokemondb.net/artwork/infernape.jpg,Fire,Fighting
393,Piplup,https://img.pokemondb.net/artwork/piplup.jpg,Water,null
394,Prinplup,https://img.pokemondb.net/artwork/prinplup.jpg,Water,null
395,Empoleon,https://img.pokemondb.net/artwork/empoleon.jpg,Water,Steel
396,Starly,https://img.pokemondb.net/artwork/starly.jpg,Normal,Flying
397,Staravia,https://img.pokemondb.net/artwork/staravia.jpg,Normal,Flying
398,Staraptor,https://img.pokemondb.net/artwork/staraptor.jpg,Normal,Flying
399,Bidoof,https://img.pokemondb.net/artwork/bidoof.jpg,Normal,null
400,Bibarel,https://img.pokemondb.net/artwork/bibarel.jpg,Normal,null
401,Krektot,https://img.pokemondb.net/artwork/krektot.jpg,Bug,null
402,Kricketune,https://img.pokemondb.net/artwork/kricketune.jpg,Bug,null
403,Shinx,https://img.pokemondb.net/artwork/shinx.jpg,Electric,null
404,Luxio,https://img.pokemondb.net/artwork/luxio.jpg,Electric,null
405,Luxray,https://img.pokemondb.net/artwork/luxray.jpg,Electric,null
406,Budew,https://img.pokemondb.net/artwork/budew.jpg,Grass,null
407,Roserade,https://img.pokemondb.net/artwork/roserade.jpg,Grass,Poison
408,Cranidos,https://img.pokemondb.net/artwork/cranidos.jpg,Rock,null
409,Ramparados,https://img.pokemondb.net/artwork/ramparados.jpg,Rock,null
410,Shieldon,https://img.pokemondb.net/artwork/shieldon.jpg,Rock,Steel
411,Bastiodon,https://img.pokemondb.net/artwork/bastiodon.jpg,Rock,Steel
412,Burmy,https://img.pokemondb.net/artwork/burmy.jpg,Bug,null
413,Wormadam,https://img.pokemondb.net/artwork/wormadam.jpg,Bug,null
414,Mothim,https://img.pokemondb.net/artwork/mothim.jpg,Bug,Flying
415,Combee,https://img.pokemondb.net/artwork/combee.jpg,Bug,Flying
416,Vespiquen,https://img.pokemondb.net/artwork/vespiquen.jpg,Bug,Flying
417,Pachirisu,https://img.pokemondb.net/artwork/pachirisu.jpg,Electric,null
418,Buizel,https://img.pokemondb.net/artwork/buizel.jpg,Water,null
419,Floatzel,https://img.pokemondb.net/artwork/floatzel.jpg,Water,null
420,Cherubi,https://img.pokemondb.net/artwork/cherubi.jpg,Grass,null
421,Cherrim,https://img.pokemondb.net/artwork/cherrim.jpg,Grass,null
422,Shellos,https://img.pokemondb.net/artwork/shellos.jpg,Water,Ground
423,Gastrodon,https://img.pokemondb.net/artwork/gastrodon.jpg,Water,Ground
424,Ambipom,https://img.pokemondb.net/artwork/ambipom.jpg,Normal,null
425,Drifloon,https://img.pokemondb.net/artwork/drifloon.jpg,Ghost,Flying
426,Drifblim,https://img.pokemondb.net/artwork/drifblim.jpg,Ghost,Flying
427,Buneary,https://img.pokemondb.net/artwork/buneary.jpg,Normal,null
428,Lopunny,https://img.pokemondb.net/artwork/lopunny.jpg,Normal,null
429,Mismagius,https://img.pokemondb.net/artwork/mismagius.jpg,Ghost,null
430,Honchkrow,https://img.pokemondb.net/artwork/honchkrow.jpg,Dark,Flying
431,Glameow,https://img.pokemondb.net/artwork/glameow.jpg,Normal,null
432,Purugly,https://img.pokemondb.net/artwork/purugly.jpg,Normal,null
433,Chingling,https://img.pokemondb.net/artwork/chingling.jpg,Psychic,null
434,Stunky,https://img.pokemondb.net/artwork/stunky.jpg,Poison,Dark
435,Skuntank,https://img.pokemondb.net/artwork/skuntank.jpg,Poison,Dark
436,Bronzor,https://img.pokemondb.net/artwork/bronzor.jpg,Psychic,Steel
437,Bronzong,https://img.pokemondb.net/artwork/bronzong.jpg,Psychic,Steel
438,Bonsly,https://img.pokemondb.net/artwork/bonsly.jpg,Rock,null
439,Mime Jr.,https://img.pokemondb.net/artwork/mime jr..jpg,Psychic,Fairy
440,Happiny,https://img.pokemondb.net/artwork/happiny.jpg,Normal,null
441,Chatot,https://img.pokemondb.net/artwork/chatot.jpg,Normal,Flying
442,Spiritomb,https://img.pokemondb.net/artwork/spiritomb.jpg,Ghost,Dark
443,Gible,https://img.pokemondb.net/artwork/gible.jpg,Dragon,Ground
444,Gabite,https://img.pokemondb.net/artwork/gabite.jpg,Dragon,Ground
445,Garchomp,https://img.pokemondb.net/artwork/garchomp.jpg,Dragon,Ground
446,Munchlax,https://img.pokemondb.net/artwork/munchlax.jpg,Normal,null
447,Riolu,https://img.pokemondb.net/artwork/riolu.jpg,Fighting,null
448,Lucario,https://img.pokemondb.net/artwork/lucario.jpg,Fighting,Steel
449,Hippopotas,https://img.pokemondb.net/artwork/hippopotas.jpg,Ground,null
450,Hippowdon,https://img.pokemondb.net/artwork/hippowdon.jpg,Ground,null
451,Skorupi,https://img.pokemondb.net/artwork/skorupi.jpg,Poison,Bug
452,Drapion,https://img.pokemondb.net/artwork/drapion.jpg,Poison,Dark
453,Croagunk,https://img.pokemondb.net/artwork/croagunk.jpg,Poison,Fighting
454,Toxicroak,https://img.pokemondb.net/artwork/toxicroak.jpg,Poison,Fighting
455,Carnivine,https://img.pokemondb.net/artwork/carnivine.jpg,Grass,null
456,Finneon,https://img.pokemondb.net/artwork/finneon.jpg,Water,null
457,Lumineon,https://img.pokemondb.net/artwork/lumineon.jpg,Water,null
458,Mantyke,https://img.pokemondb.net/artwork/mantyke.jpg,Water,Flying
459,Snover,https://img.pokemondb.net/artwork/snover.jpg,Grass,Ice
460,Abomasnow,https://img.pokemondb.net/artwork/abomasnow.jpg,Grass,Ice
461,Weavile,https://img.pokemondb.net/artwork/weavile.jpg,Dark,Ice
462,Magnezone,https://img.pokemondb.net/artwork/magnezone.jpg,Electric,Steel
463,Lickilicky,https://img.pokemondb.net/artwork/lickilicky.jpg,Normal,null
464,Rhyperior,https://img.pokemondb.net/artwork/rhyperior.jpg,Ground,Rock
465,Tangrowth,https://img.pokemondb.net/artwork/tangrowth.jpg,Grass,null
466,Electivire,https://img.pokemondb.net/artwork/electivire.jpg,Electric,null
467,Magmortar,https://img.pokemondb.net/artwork/magmortar.jpg,Fire,null
468,Togekiss,https://img.pokemondb.net/artwork/togekiss.jpg,Fairy,Flying
469,Yanmega,https://img.pokemondb.net/artwork/yanmega.jpg,Bug,Flying
470,Leafeon,https://img.pokemondb.net/artwork/leafeon.jpg,Grass,null
471,Glaceon,https://img.pokemondb.net/artwork/glaceon.jpg,Grass,null
472,Gliscor,https://img.pokemondb.net/artwork/gliscor.jpg,Ground,Flying
473,Mamoswine,https://img.pokemondb.net/artwork/mamoswine.jpg,Ice,Ground
474,Porygon-Z,https://img.pokemondb.net/artwork/porygon-z.jpg,Normal,null
475,Gallade,https://img.pokemondb.net/artwork/gallade.jpg,Psychic,Fighting
476,Probopass,https://img.pokemondb.net/artwork/probopass.jpg,Rock,Steel
477,Dusknoir,https://img.pokemondb.net/artwork/dusknoir.jpg,Ghost,null
478,Frosslass,https://img.pokemondb.net/artwork/frosslass.jpg,Ice,Ghost
479,Rotom,https://img.pokemondb.net/artwork/rotom.jpg,Ghost,Electric
480,Uxie,https://img.pokemondb.net/artwork/uxie.jpg,Psychic,null
481,Mesprit,https://img.pokemondb.net/artwork/mesprit.jpg,Psychic,null
482,Azelf,https://img.pokemondb.net/artwork/azelf.jpg,Psychic,null
483,Dialga,https://img.pokemondb.net/artwork/dialga.jpg,Steel,Dragon
484,Palkia,https://img.pokemondb.net/artwork/palkia.jpg,Water,Dragon
485,Heatran,https://img.pokemondb.net/artwork/heatran.jpg,Fire,Steel
486,Regigas,https://img.pokemondb.net/artwork/regigas.jpg,Normal,null
487,Giratina,https://img.pokemondb.net/artwork/giratina.jpg,Ghost,Dragon
488,Cresselia,https://img.pokemondb.net/artwork/cresselia.jpg,Psychic,null
489,Phione,https://img.pokemondb.net/artwork/phione.jpg,Water,null
490,Manaphy,https://img.pokemondb.net/artwork/manaphy.jpg,Water,null
491,Darkrai,https://img.pokemondb.net/artwork/darkrai.jpg,Dark,null
492,Shaymin,https://img.pokemondb.net/artwork/shaymin.jpg,Grass,null
493,Arceus,https://img.pokemondb.net/artwork/arceus.jpg,Normal,null
494,Victini,https://img.pokemondb.net/artwork/victini.jpg,Psychic,Fire
495,Snivy,https://img.pokemondb.net/artwork/snivy.jpg,Grass,null
496,Servine,https://img.pokemondb.net/artwork/servine.jpg,Grass,null
497,Serperior,https://img.pokemondb.net/artwork/serperior.jpg,Grass,null
498,Tepig,https://img.pokemondb.net/artwork/tepig.jpg,Fire,null
499,Pignite,https://img.pokemondb.net/artwork/pignite.jpg,Fire,Fighting
500,Emboar,https://img.pokemondb.net/artwork/emboar.jpg,Fire,Fighting
501,Oshawott,https://img.pokemondb.net/artwork/oshawott.jpg,Water,null
502,Dewott,https://img.pokemondb.net/artwork/dewott.jpg,Water,null
503,Samurott,https://img.pokemondb.net/artwork/samurott.jpg,Water,null
504,Patrat,https://img.pokemondb.net/artwork/patrat.jpg,Normal,null
505,Watchog,https://img.pokemondb.net/artwork/watchog.jpg,Normal,null
506,Lillipup,https://img.pokemondb.net/artwork/lillipup.jpg,Normal,null
507,Herdier,https://img.pokemondb.net/artwork/herdier.jpg,Normal,null
508,Stoutland,https://img.pokemondb.net/artwork/stoutland.jpg,Normal,null
509,Purrloin,https://img.pokemondb.net/artwork/purrloin.jpg,Dark,null
510,Liepard,https://img.pokemondb.net/artwork/liepard.jpg,Dark,null
511,Pansage,https://img.pokemondb.net/artwork/pansage.jpg,Grass,null
512,Simisage,https://img.pokemondb.net/artwork/simisage.jpg,Grass,null
513,Pansear,https://img.pokemondb.net/artwork/pansear.jpg,Fire,null
514,Simisaear,https://img.pokemondb.net/artwork/simisaear.jpg,Fire,null
515,Panpour,https://img.pokemondb.net/artwork/panpour.jpg,Water,null
516,Simipour,https://img.pokemondb.net/artwork/simipour.jpg,Water,null
517,Munna,https://img.pokemondb.net/artwork/munna.jpg,Psychic,null
518,Musharna,https://img.pokemondb.net/artwork/musharna.jpg,Psychic,null
519,Pidove,https://img.pokemondb.net/artwork/pidove.jpg,Normal,Flying
520,Tranquill,https://img.pokemondb.net/artwork/tranquill.jpg,Normal,Flying
521,Unfezant,https://img.pokemondb.net/artwork/unfezant.jpg,Normal,Flying
522,Blitzle,https://img.pokemondb.net/artwork/blitzle.jpg,Electric,null
523,Zebstrika,https://img.pokemondb.net/artwork/zebstrika.jpg,Electric,null
524,Roggenrola,https://img.pokemondb.net/artwork/roggenrola.jpg,Rock,null
525,Boldore,https://img.pokemondb.net/artwork/boldore.jpg,Rock,null
526,Gigalith,https://img.pokemondb.net/artwork/gigalith.jpg,Rock,null
527,Woobat,https://img.pokemondb.net/artwork/woobat.jpg,Psychic,Flying
528,Swoobat,https://img.pokemondb.net/artwork/swoobat.jpg,Psychic,Flying
529,Drilbur,https://img.pokemondb.net/artwork/drilbur.jpg,Ground,null
530,Excadrill,https://img.pokemondb.net/artwork/excadrill.jpg,Ground,Steel
531,Audino,https://img.pokemondb.net/artwork/audino.jpg,Normal,null
532,Timburr,https://img.pokemondb.net/artwork/timburr.jpg,Fighting,null
533,Gurdurr,https://img.pokemondb.net/artwork/gurdurr.jpg,Fighting,null
534,Conkeldurr,https://img.pokemondb.net/artwork/conkeldurr.jpg,Fighting,null
535,Tympole,https://img.pokemondb.net/artwork/tympole.jpg,Water,null
536,Palpitoad,https://img.pokemondb.net/artwork/palpitoad.jpg,Water,Ground
537,Seismitoad,https://img.pokemondb.net/artwork/seismitoad.jpg,Water,Ground
538,Thoh,https://img.pokemondb.net/artwork/thoh.jpg,Fighting,null
539,Sawk,https://img.pokemondb.net/artwork/sawk.jpg,Fighting,null
540,Sewaddle,https://img.pokemondb.net/artwork/sewaddle.jpg,Bug,Grass
541,Swadloon,https://img.pokemondb.net/artwork/swadloon.jpg,Bug,Grass
542,Leavanny,https://img.pokemondb.net/artwork/leavanny.jpg,Bug,Grass
543,Venipede,https://img.pokemondb.net/artwork/venipede.jpg,Bug,Poison
544,Whirlipede,https://img.pokemondb.net/artwork/whirlipede.jpg,Bug,Poison
545,Scolipede,https://img.pokemondb.net/artwork/scolipede.jpg,Bug,Poison
546,Cottonee,https://img.pokemondb.net/artwork/cottonee.jpg,Grass,Fairy
547,Whimsicott,https://img.pokemondb.net/artwork/whimsicott.jpg,Grass,Fairy
548,Petilil,https://img.pokemondb.net/artwork/petilil.jpg,Grass,null
549,Liligant,https://img.pokemondb.net/artwork/liligant.jpg,Grass,null
550,Basculin,https://img.pokemondb.net/artwork/basculin.jpg,Water,null
551,Sandile,https://img.pokemondb.net/artwork/sandile.jpg,Ground,Dark
552,Krokorok,https://img.pokemondb.net/artwork/krokorok.jpg,Ground,Dark
553,Krookodile,https://img.pokemondb.net/artwork/krookodile.jpg,Ground,Dark
554,Darumaka,https://img.pokemondb.net/artwork/darumaka.jpg,Fire,null
555,Darmanitan,https://img.pokemondb.net/artwork/darmanitan.jpg,Fire,null
556,Maractus,https://img.pokemondb.net/artwork/maractus.jpg,Grass,null
557,Dwebble,https://img.pokemondb.net/artwork/dwebble.jpg,Bug,Rock
558,Crustle,https://img.pokemondb.net/artwork/crustle.jpg,Bug,Rock
559,Scraggy,https://img.pokemondb.net/artwork/scraggy.jpg,Fighting,null
560,Scrafty,https://img.pokemondb.net/artwork/scrafty.jpg,Fighting,null
561,Sigilyph,https://img.pokemondb.net/artwork/sigilyph.jpg,Psychic,Flying
562,Yamask,https://img.pokemondb.net/artwork/yamask.jpg,Ghost,null
563,Cofagrigus,https://img.pokemondb.net/artwork/cofagrigus.jpg,Ghost,null
564,Tirtouga,https://img.pokemondb.net/artwork/tirtouga.jpg,Water,Rock
565,Carracosta,https://img.pokemondb.net/artwork/carracosta.jpg,Water,Rock
566,Archen,https://img.pokemondb.net/artwork/archen.jpg,Rock,Flying
567,Archeops,https://img.pokemondb.net/artwork/archeops.jpg,Rock,Flying
568,Trubbish,https://img.pokemondb.net/artwork/trubbish.jpg,Poison,null
569,Garbodor,https://img.pokemondb.net/artwork/garbodor.jpg,Poison,null
570,Zorua,https://img.pokemondb.net/artwork/zorua.jpg,Dark,null
571,Zoroak,https://img.pokemondb.net/artwork/zoroak.jpg,Dark,null
572,Minccino,https://img.pokemondb.net/artwork/minccino.jpg,Normal,null
573,Cinccino,https://img.pokemondb.net/artwork/cinccino.jpg,Normal,null
574,Gothita,https://img.pokemondb.net/artwork/gothita.jpg,Psychic,null
575,Gothorita,https://img.pokemondb.net/artwork/gothorita.jpg,Psychic,null
576,Gothitelle,https://img.pokemondb.net/artwork/gothitelle.jpg,Psychic,null
577,Solosis,https://img.pokemondb.net/artwork/solosis.jpg,Psychic,null
578,Duosion,https://img.pokemondb.net/artwork/duosion.jpg,Psychic,null
579,Reuniclus,https://img.pokemondb.net/artwork/reuniclus.jpg,Psychic,null
580,Ducklett,https://img.pokemondb.net/artwork/ducklett.jpg,Water,Flying
581,Swanna,https://img.pokemondb.net/artwork/swanna.jpg,Water,Flying
582,Vanillite,https://img.pokemondb.net/artwork/vanillite.jpg,Ice,null
583,Vanillish,https://img.pokemondb.net/artwork/vanillish.jpg,Ice,null
584,Vanilluxe,https://img.pokemondb.net/artwork/vanilluxe.jpg,Ice,null
585,Deerling,https://img.pokemondb.net/artwork/deerling.jpg,Normal,Grass
586,Sawsbuck,https://img.pokemondb.net/artwork/sawsbuck.jpg,Normal,Grass
587,Emolga,https://img.pokemondb.net/artwork/emolga.jpg,Electric,Flying
588,Karrablast,https://img.pokemondb.net/artwork/karrablast.jpg,Bug,null
589,Escavalier,https://img.pokemondb.net/artwork/escavalier.jpg,Bug,Steel
590,Foongus,https://img.pokemondb.net/artwork/foongus.jpg,Grass,Poison
591,Amoonguss,https://img.pokemondb.net/artwork/amoonguss.jpg,Grass,Poison
592,Frillish,https://img.pokemondb.net/artwork/frillish.jpg,Water,Ghost
593,Jellicent,https://img.pokemondb.net/artwork/jellicent.jpg,Water,Ghost
594,Alomomola,https://img.pokemondb.net/artwork/alomomola.jpg,Water,null
595,Joltik,https://img.pokemondb.net/artwork/joltik.jpg,Bug,Electric
596,Galvantula,https://img.pokemondb.net/artwork/galvantula.jpg,Bug,Electric
597,Ferroseed,https://img.pokemondb.net/artwork/ferroseed.jpg,Grass,Steel
598,Ferrothorn,https://img.pokemondb.net/artwork/ferrothorn.jpg,Grass,Steel
599,Klink,https://img.pokemondb.net/artwork/klink.jpg,Steel,null
600,Klang,https://img.pokemondb.net/artwork/klang.jpg,Steel,null
601,Klinklang,https://img.pokemondb.net/artwork/klinklang.jpg,Steel,null
602,Tynamo,https://img.pokemondb.net/artwork/tynamo.jpg,Electric,null
603,Elektrik,https://img.pokemondb.net/artwork/elektrik.jpg,Electric,null
604,Elektross,https://img.pokemondb.net/artwork/elektross.jpg,Electric,null
605,Elgyem,https://img.pokemondb.net/artwork/elgyem.jpg,Psychic,null
606,Beheeyem,https://img.pokemondb.net/artwork/beheeyem.jpg,Psychic,null
607,Litwick,https://img.pokemondb.net/artwork/litwick.jpg,Ghost,Fire
608,Lampent,https://img.pokemondb.net/artwork/lampent.jpg,Ghost,Fire
609,Chandelure,https://img.pokemondb.net/artwork/chandelure.jpg,Ghost,Fire
610,Axew,https://img.pokemondb.net/artwork/axew.jpg,Dragon,null
611,Fraxure,https://img.pokemondb.net/artwork/fraxure.jpg,Dragon,null
612,Haxorus,https://img.pokemondb.net/artwork/haxorus.jpg,Dragon,null
613,Cubchoo,https://img.pokemondb.net/artwork/cubchoo.jpg,Ice,null
614,Beartic,https://img.pokemondb.net/artwork/beartic.jpg,Ice,null
615,Cryogonal,https://img.pokemondb.net/artwork/cryogonal.jpg,Ice,null
616,Shelmet,https://img.pokemondb.net/artwork/shelmet.jpg,Bug,null
617,Accelgor,https://img.pokemondb.net/artwork/accelgor.jpg,Bug,null
618,Stunfisk,https://img.pokemondb.net/artwork/stunfisk.jpg,Ground,Electric
619,Mienfoo,https://img.pokemondb.net/artwork/mienfoo.jpg,Fighting,null
620,Mienshao,https://img.pokemondb.net/artwork/mienshao.jpg,Fighting,null
621,Druddigon,https://img.pokemondb.net/artwork/druddigon.jpg,Dragon,null
622,Golett,https://img.pokemondb.net/artwork/golett.jpg,Ground,Ghost
623,Golurk,https://img.pokemondb.net/artwork/golurk.jpg,Ground,Ghost
624,Pawniard,https://img.pokemondb.net/artwork/pawniard.jpg,Dark,Steel
625,Bisharp,https://img.pokemondb.net/artwork/bisharp.jpg,Dark,Steel
626,Bouffalant,https://img.pokemondb.net/artwork/bouffalant.jpg,Normal,null
627,Rufflet,https://img.pokemondb.net/artwork/rufflet.jpg,Normal,Flying
628,Braviary,https://img.pokemondb.net/artwork/braviary.jpg,Normal,Flying
629,Vullaby,https://img.pokemondb.net/artwork/vullaby.jpg,Dark,Flying
630,Mandibuzz,https://img.pokemondb.net/artwork/mandibuzz.jpg,Dark,Flying
631,Heatmor,https://img.pokemondb.net/artwork/heatmor.jpg,Fire,null
632,Durant,https://img.pokemondb.net/artwork/durant.jpg,Bug,Steel
633,Deino,https://img.pokemondb.net/artwork/deino.jpg,Dark,Dragon
634,Zweilous,https://img.pokemondb.net/artwork/zweilous.jpg,Dark,Dragon
635,Hydreigon,https://img.pokemondb.net/artwork/hydreigon.jpg,Dark,Dragon
636,Larvesta,https://img.pokemondb.net/artwork/larvesta.jpg,Bug,Fire
637,Volcarona,https://img.pokemondb.net/artwork/volcarona.jpg,Bug,Fire
638,Cobalion,https://img.pokemondb.net/artwork/cobalion.jpg,Steel,Fighting
639,Terrakion,https://img.pokemondb.net/artwork/terrakion.jpg,Rock,Fighting
640,Virizion,https://img.pokemondb.net/artwork/virizion.jpg,Grass,Fighting
641,Tornadus,https://img.pokemondb.net/artwork/tornadus.jpg,Flying,null
642,Thundurus,https://img.pokemondb.net/artwork/thundurus.jpg,Electric,Flying
643,Reshiram,https://img.pokemondb.net/artwork/reshiram.jpg,Dragon,Fire
644,Zekrom,https://img.pokemondb.net/artwork/zekrom.jpg,Dragon,Electric
645,Landorus,https://img.pokemondb.net/artwork/landorus.jpg,Ground,Flying
646,Kyurem,https://img.pokemondb.net/artwork/kyurem.jpg,Dragon,Flying
647,Keldeo,https://img.pokemondb.net/artwork/keldeo.jpg,Water,Fighting
648,Meloetta,https://img.pokemondb.net/artwork/meloetta.jpg,Normal,Psychic
649,Genesect,https://img.pokemondb.net/artwork/genesect.jpg,Bug,Steel
650,Chespin,https://img.pokemondb.net/artwork/chespin.jpg,Grass,null
651,Quilladin,https://img.pokemondb.net/artwork/quilladin.jpg,Grass,null
652,Chesnaught,https://img.pokemondb.net/artwork/chesnaught.jpg,Grass,Fighting
653,Fennekin,https://img.pokemondb.net/artwork/fennekin.jpg,Fire,null
654,Braixen,https://img.pokemondb.net/artwork/braixen.jpg,Fire,null
655,Delphox,https://img.pokemondb.net/artwork/delphox.jpg,Fire,Psychic
656,Froakie,https://img.pokemondb.net/artwork/froakie.jpg,Water,null
657,Frogadier,https://img.pokemondb.net/artwork/frogadier.jpg,Water,null
658,Greninja,https://img.pokemondb.net/artwork/greninja.jpg,Water,Dark
659,Bunnelby,https://img.pokemondb.net/artwork/bunnelby.jpg,Normal,null
660,Diggersby,https://img.pokemondb.net/artwork/diggersby.jpg,Normal,Ground
661,Fletchling,https://img.pokemondb.net/artwork/fletchling.jpg,Normal,Flying
662,Fletchinder,https://img.pokemondb.net/artwork/fletchinder.jpg,Fire,Flying
663,Talonflame,https://img.pokemondb.net/artwork/talonflame.jpg,Fire,Flying
664,Scatterbug,https://img.pokemondb.net/artwork/scatterbug.jpg,Bug,null
665,Spewpa,https://img.pokemondb.net/artwork/spewpa.jpg,Bug,null
666,Vivillon,https://img.pokemondb.net/artwork/vivillon.jpg,Bug,Flying
667,Litleo,https://img.pokemondb.net/artwork/litleo.jpg,Normal,Fire
668,Pyroar,https://img.pokemondb.net/artwork/pyroar.jpg,Normal,Fire
669,Flabebe,https://img.pokemondb.net/artwork/flabebe.jpg,Fairy,null
670,Floette,https://img.pokemondb.net/artwork/floette.jpg,Fairy,null
671,Florges,https://img.pokemondb.net/artwork/florges.jpg,Fairy,null
672,Skiddo,https://img.pokemondb.net/artwork/skiddo.jpg,Grass,null
673,Gogoat,https://img.pokemondb.net/artwork/gogoat.jpg,Grass,null
674,Pancham,https://img.pokemondb.net/artwork/pancham.jpg,Fighting,null
675,Pangoro,https://img.pokemondb.net/artwork/pangoro.jpg,Fighting,Dark
676,Furfrou,https://img.pokemondb.net/artwork/furfrou.jpg,Normal,null
677,Espurr,https://img.pokemondb.net/artwork/espurr.jpg,Psychic,null
678,Meowstic,https://img.pokemondb.net/artwork/meowstic.jpg,Psychic,null
679,Honedge,https://img.pokemondb.net/artwork/honedge.jpg,Steel,Ghost
680,Duoblade,https://img.pokemondb.net/artwork/duoblade.jpg,Steel,Ghost
681,Aegislash,https://img.pokemondb.net/artwork/aegislash.jpg,Steel,Ghost
682,Spritzee,https://img.pokemondb.net/artwork/spritzee.jpg,Fairy,null
683,Armoatisse,https://img.pokemondb.net/artwork/armoatisse.jpg,Fairy,null
684,Swirlix,https://img.pokemondb.net/artwork/swirlix.jpg,Fairy,null
685,Slurpuff,https://img.pokemondb.net/artwork/slurpuff.jpg,Fairy,null
686,Inkay,https://img.pokemondb.net/artwork/inkay.jpg,Dark,Psychic
687,Malamar,https://img.pokemondb.net/artwork/malamar.jpg,Dark,Psychic
688,Binacle,https://img.pokemondb.net/artwork/binacle.jpg,Rock,Water
689,Barbarcle,https://img.pokemondb.net/artwork/barbarcle.jpg,Rock,Water
690,Skrelp,https://img.pokemondb.net/artwork/skrelp.jpg,Poison,Water
691,Dragalge,https://img.pokemondb.net/artwork/dragalge.jpg,Poison,Dragon
692,Clauncher,https://img.pokemondb.net/artwork/clauncher.jpg,Water,null
693,Clawitzer,https://img.pokemondb.net/artwork/clawitzer.jpg,Water,null
694,Helioptile,https://img.pokemondb.net/artwork/helioptile.jpg,Electric,Normal
695,Heliolisk,https://img.pokemondb.net/artwork/heliolisk.jpg,Electric,Normal
696,Tyrunt,https://img.pokemondb.net/artwork/tyrunt.jpg,Rock,Dragon
697,Tyrantum,https://img.pokemondb.net/artwork/tyrantum.jpg,Rock,Dragon
698,Amaura,https://img.pokemondb.net/artwork/amaura.jpg,Rock,Ice
699,Aurorus,https://img.pokemondb.net/artwork/aurorus.jpg,Rock,Ice
700,Sylveon,https://img.pokemondb.net/artwork/sylveon.jpg,Poison,null
701,Hawlucha,https://img.pokemondb.net/artwork/hawlucha.jpg,Fighting,Flying
702,Dedenne,https://img.pokemondb.net/artwork/dedenne.jpg,Electric,Fairy
703,Carbink,https://img.pokemondb.net/artwork/carbink.jpg,Rock,Fairy
704,Goomy,https://img.pokemondb.net/artwork/goomy.jpg,Dragon,null
705,Sliggo,https://img.pokemondb.net/artwork/sliggo.jpg,Dragon,null
706,Goodra,https://img.pokemondb.net/artwork/goodra.jpg,Dragon,null
707,Klefki,https://img.pokemondb.net/artwork/klefki.jpg,Steel,Fairy
708,Phantump,https://img.pokemondb.net/artwork/phantump.jpg,Ghost,Grass
709,Trevenant,https://img.pokemondb.net/artwork/trevenant.jpg,Ghost,Grass
710,Pumpkaboo,https://img.pokemondb.net/artwork/pumpkaboo.jpg,Ghost,Grass
711,Gourgeist,https://img.pokemondb.net/artwork/gourgeist.jpg,Ghost,Grass
712,Bergmite,https://img.pokemondb.net/artwork/bergmite.jpg,Ice,null
713,Avalugg,https://img.pokemondb.net/artwork/avalugg.jpg,Ice,null
714,Noibat,https://img.pokemondb.net/artwork/noibat.jpg,Flying,Dragon
715,Noivern,https://img.pokemondb.net/artwork/noivern.jpg,Flying,Dragon
716,Xerneas,https://img.pokemondb.net/artwork/xerneas.jpg,Fairy,null
717,Yveltal,https://img.pokemondb.net/artwork/yveltal.jpg,Dark,Flying
718,Zygarde,https://img.pokemondb.net/artwork/zygarde.jpg,Dragon,Ground
719,Diancie,https://img.pokemondb.net/artwork/diancie.jpg,Rock,Fairy
720,Hoopa,https://img.pokemondb.net/artwork/hoopa.jpg,Psychic,Ghost
721,Volcanion,https://img.pokemondb.net/artwork/volcanion.jpg,Fire,Water
